"Part";"Value";"Device";"Package";"Description";"DESCRIPTION";"HEIGHT";"MANUFACTURER_NAME";"MANUFACTURER_PART_NUMBER";"MOUSER_PART_NUMBER";"MOUSER_PRICE-STOCK";
"C1";"100nF";"CAPACITOR"";"C0603";"capacitor";"";"";"";"";"";"";
"C2";"100nF";"CAPACITOR"";"C0603";"capacitor";"";"";"";"";"";"";
"C3";"100nF";"CAPACITOR"";"C0603";"capacitor";"";"";"";"";"";"";
"C4";"10 uF";"CAPACITOR_1206";"C1206";"ceramic capacitor";"";"";"";"";"";"";
"I2C-CONN";"90814-0204";"90814-0204";"MOLEX_90814-0204";"CONN HEADER 4POS 1.27MM SMD TIN";"CONN HEADER 4POS 1.27MM SMD TIN";"mm";"Molex";"90814-0204";"538-90814-0204";"https://www.mouser.com/Search/Refine.aspx?Keyword=538-90814-0204";
"IC1";"STM32F031K6T6";"STM32F031K6T6";"QFP80P900X900X160-32N";"ARM Microcontrollers - MCU 16/32-BITS MICROS";"ARM Microcontrollers - MCU 16/32-BITS MICROS";"1.6mm";"STMicroelectronics";"STM32F031K6T6";"511-STM32F031K6T6";"https://www.mouser.com/Search/Refine.aspx?Keyword=511-STM32F031K6T6";
"PRG-CONN";"90814-0204";"90814-0204";"MOLEX_90814-0204";"CONN HEADER 4POS 1.27MM SMD TIN";"CONN HEADER 4POS 1.27MM SMD TIN";"mm";"Molex";"90814-0204";"538-90814-0204";"https://www.mouser.com/Search/Refine.aspx?Keyword=538-90814-0204";
"R1";"10k";"RESISTOR_0603";"R0603";"+/- 5 % resistor";"";"";"";"";"";"";
"R2";"51 R";"RESISTOR_0603";"R0603";"+/- 5 % resistor";"";"";"";"";"";"";
"R3";"51 R";"RESISTOR_0603";"R0603";"+/- 5 % resistor";"";"";"";"";"";"";
"R4";"51 R";"RESISTOR_0603";"R0603";"+/- 5 % resistor";"";"";"";"";"";"";
"R8";"51 R";"RESISTOR_0603";"R0603";"+/- 5 % resistor";"";"";"";"";"";"";
"R9";"51 R";"RESISTOR_0603";"R0603";"+/- 5 % resistor";"";"";"";"";"";"";
"R10";"51 R";"RESISTOR_0603";"R0603";"+/- 5 % resistor";"";"";"";"";"";"";
"R11";"10k";"RESISTOR_0603";"R0603";"+/- 5 % resistor";"";"";"";"";"";"";
"S1";"PEL12T-4225S-S1024";"PEL12T-4225S-S1024";"PEL12T4225SS1024";"Encoders Red Blue/Green LED Push Switch Knurled";"Encoders Red Blue/Green LED Push Switch Knurled";"25mm";"Bourns";"PEL12T-4225S-S1024";"652-PEL12T4225SS1024";"https://www.mouser.com/Search/Refine.aspx?Keyword=652-PEL12T4225SS1024";
"S3";"PEL12T-4225S-S1024";"PEL12T-4225S-S1024";"PEL12T4225SS1024";"Encoders Red Blue/Green LED Push Switch Knurled";"Encoders Red Blue/Green LED Push Switch Knurled";"25mm";"Bourns";"PEL12T-4225S-S1024";"652-PEL12T4225SS1024";"https://www.mouser.com/Search/Refine.aspx?Keyword=652-PEL12T4225SS1024";
